data,hora,status,origem,função,message
2026-08-11,00:05:47,SUCESSO,wedding.py,wedding,Paginas 13_16 casadas
2026-08-11,00:08:11,SUCESSO,wedding.py,wedding,Paginas 14_15 casadas
2026-08-11,00:10:36,SUCESSO,wedding.py,wedding,Paginas 17_20 casadas
2026-08-11,00:13:00,SUCESSO,wedding.py,wedding,Paginas 10_11 casadas
2026-08-11,00:15:25,SUCESSO,wedding.py,wedding,Paginas 9_12 casadas
2026-08-11,00:17:49,SUCESSO,wedding.py,wedding,Paginas 3_6 casadas
2026-08-11,00:20:14,SUCESSO,wedding.py,wedding,Paginas 4_5 casadas
2026-08-11,00:22:38,SUCESSO,wedding.py,wedding,Paginas 2_7 casadas
2026-08-11,00:25:03,SUCESSO,wedding.py,wedding,Paginas 1_8 casadas
